{"cameraMode":{"drawMode":0,"name":"Shaded","section":"Shading Mode"},"sceneLighting":true,"audioPlay":false,"sceneViewState":{"showFog":true,"showMaterialUpdate":false,"showSkybox":true,"showFlares":true,"showImageEffects":true,"showParticleSystems":true,"showVisualEffectGraphs":true,"m_FxEnabled":true},"in2DMode":false,"pivot":{"x":-0.0297415629029274,"y":1.4173285961151124,"z":-1.6433840990066529},"rotation":{"x":-0.19972524046897889,"y":-0.1268828958272934,"z":0.026091812178492547,"w":-0.9712528586387634},"size":6.0165557861328129,"orthographic":false}